<?xml version="1.0"?>
<ClinicalDocument xmlns="urn:hl7-org:v3" xmlns:voc="urn:hl7-org:v3/voc" xmlns:xsi="http://www.w3.org/2001/XMLSchema-instance" xsi:schemaLocation="urn:hl7-org:v3 CDA.xsd">
	<!-- 
********************************************************
  CDA Header
********************************************************
-->
	<typeId root="2.16.840.1.113883.1.3" extension="POCD_HD000040"/>
	<templateId root="2.16.840.1.113883.19.1000.1"/>
	<id root="379a3d1e-71ca-4c11-9051-a72adcdacd32"/>
	<code code="temp1" codeSystem="2.16.840.1.113883.6.1" codeSystemName="LOINC" displayName="AHC-HRSN modified screening tool response"/>
	<title>AAHC-HRSN modified screening tool</title>
	<effectiveTime value="20000407"/>
	<confidentialityCode code="N" codeSystem="2.16.840.1.113883.5.25"/>
	<recordTarget>
		<patientRole>
			<id extension="AB12345C" root="2.16.840.1.113883.3.554"/>
			<patient>
				<name use="L">
					<given>Eve</given>
					<family qualifier="SP">Betterhalf</family>
				</name>
				<administrativeGenderCode code="F" displayName="Female" codeSystem="2.16.840.1.113883.5.1" codeSystemName="AdministrativeGender"/>
				<birthTime value="19750501"/>
			</patient>
		</patientRole>
	</recordTarget>
	<author>
		<time value="20230924"/>
		<assignedAuthor>
			<id root="2.16.840.1.113883.4.6" extension="123456"/>
			<assignedPerson>
				<name>
					<given>John</given>
					<family>Smith</family>
				</name>
			</assignedPerson>
			<representedOrganization>
				<id root="2.16.840.1.113883.19.5.99999.2"/>
				<name>General Hospital</name>
			</representedOrganization>
		</assignedAuthor>
	</author>
	<custodian>
		<assignedCustodian>
			<representedCustodianOrganization>
				<id root="2.16.840.1.113883.19.5.99999.3"/>
				<name>General Hospital Health Records</name>
				<addr use="WP">
					<streetAddressLine>1009 Healthcare Drive </streetAddressLine>
					<city>Portland</city>
					<state>OR</state>
					<postalCode>99123</postalCode>
					<country>US</country>
				</addr>
			</representedCustodianOrganization>
		</assignedCustodian>
	</custodian>
	<informationRecipient>
		<intendedRecipient>
			<informationRecipient>
				<name>
					<given>Sara</given>
					<family>Specialize</family>
					<suffix qualifier="AC">M.D.</suffix>
				</name>
			</informationRecipient>
			<receivedOrganization>
				<name>The DoctorsApart Physician Group</name>
				<addr use="WP">
					<streetAddressLine>1009 Healthcare Drive </streetAddressLine>
					<city>Portland</city>
					<state>OR</state>
					<postalCode>99123</postalCode>
					<country>US</country>
				</addr>
			</receivedOrganization>
		</intendedRecipient>
	</informationRecipient>
	<authorization>
		<consent>
			<code code="59284-0" codeSystem="2.16.840.1.113883.6.1" displayName="Consent Document"/>
			<statusCode code="completed"/>
		</consent>
	</authorization>
	<componentOf>
		<encompassingEncounter>
			<id root="2.16.840.1.113883.19.5.99999.1.12345"/>
			<code code="AMB" codeSystem="2.16.840.1.113883.5.4" displayName="Ambulatory Encounter"/>
			<effectiveTime value="20230924"/>
		</encompassingEncounter>
	</componentOf>
	<!-- 
********************************************************
  CDA Body
********************************************************
-->
	<component>
		<structuredBody>
			<!-- 
********************************************************
  Details about source questionnaire
********************************************************
-->
			<component>
				<section>
					<templateId root="2.16.840.1.113883.19.1000.2.1"/>
					<title>Questionnaire Details</title>
					<text>
The questionnaire from which these responses are drawn is based on LOINC 96777-8 | Accountable health communities (AHC) health-related social needs screening (HRSN) tool 
plus 2 questions drawn from LOINC 97023-6 | Accountable health communities (AHC) health-related social needs (HRSN) supplemental questions.
					</text>
					<entry>
						<act classCode="ACT" moodCode="EVN">
							<templateId root="2.16.840.1.113883.19.1000.3.14"/>
							<code code="445536008" codeSystem="2.16.840.1.113883.6.96" codeSystemName="SNOMED CT" displayName="Assessment using assessment scale (procedure)"/>
							<reference typeCode="REFR">
								<externalAct>
									<id root="408967f4-8fc4-4ee3-a3f0-ca30d109ed12"/>
								</externalAct>
							</reference>
						</act>
					</entry>
				</section>
			</component>
			<!-- 
********************************************************
Housing / Utilities section
********************************************************
-->
			<component>
				<section>
					<templateId root="2.16.840.1.113883.19.1000.2.2"/>
					<title>Housing / Utilities</title>
					<entry>
						<observation classCode="OBS" moodCode="EVN">
							<templateId root="2.16.840.1.113883.19.1000.3.1"/>
							<code code="71802-3" codeSystem="2.16.840.1.113883.6.1" codeSystemName="LOINC" displayName="Housing status">
								<originalText>What is your living situation today?</originalText>
							</code>
							<value xsi:type="CO" code="LA31993-1" displayName="I have a steady place to live" codeSystem="2.16.840.1.113883.6.1"/>
						</observation>
					</entry>
					<entry>
						<observation classCode="OBS" moodCode="EVN">
							<templateId root="2.16.840.1.113883.19.1000.3.2"/>
							<code code="96778-6" codeSystem="2.16.840.1.113883.6.1" codeSystemName="LOINC" displayName="Problems with place where you live">
								<originalText>Think about the place you live. Do you have problems with any of the following?</originalText>
							</code>
							<value xsi:type="CO" code="LA28580-1" displayName="Mold" codeSystem="2.16.840.1.113883.6.1"/>
						</observation>
					</entry>
					<entry>
						<observation classCode="OBS" moodCode="EVN">
							<templateId root="2.16.840.1.113883.19.1000.3.3"/>
							<code code="96779-4" codeSystem="2.16.840.1.113883.6.1" codeSystemName="LOINC" displayName="Has the electric, gas, oil, or water company threatened to shut off services in your home in past 12 months">
								<originalText>In the past 12 months has the electric, gas, oil, or water company threatened to shut off services in your home?</originalText>
							</code>
							<value xsi:type="CO" code="LA32002-0" displayName="Already shut off" codeSystem="2.16.840.1.113883.6.1"/>
						</observation>
					</entry>
				</section>
			</component>
			<!-- 
********************************************************
Food  Security section
********************************************************
-->
			<component>
				<section>
					<templateId root="2.16.840.1.113883.19.1000.2.3"/>
					<title>Food Security</title>
					<entry>
						<observation classCode="OBS" moodCode="EVN">
							<templateId root="2.16.840.1.113883.19.1000.3.4"/>
							<code code="88122-7" codeSystem="2.16.840.1.113883.6.1" codeSystemName="LOINC" displayName="Within the past 12 months we worried whether our food would run out before we got money to buy more [U.S. FSS]">
								<originalText>Within the past 12 months, you worried that your food would run out before you got money to buy more.</originalText>
							</code>
							<value xsi:type="CO" code="LA6729-3" displayName="Sometimes true" codeSystem="2.16.840.1.113883.6.1"/>
						</observation>
					</entry>
					<entry>
						<observation classCode="OBS" moodCode="EVN">
							<templateId root="2.16.840.1.113883.19.1000.3.5"/>
							<code code="88123-5" codeSystem="2.16.840.1.113883.6.1" codeSystemName="LOINC" displayName="Within the past 12 months the food we bought just didn't last and we didn't have money to get more [U.S. FSS]">
								<originalText>Within the past 12 months, the food you bought just didn't last and you didn't have money to get more.</originalText>
							</code>
							<value xsi:type="CO" code="LA6729-3" displayName="Sometimes true" codeSystem="2.16.840.1.113883.6.1"/>
						</observation>
					</entry>
				</section>
			</component>
			<!-- 
********************************************************
Transportation section
********************************************************
-->
			<component>
				<section>
					<templateId root="2.16.840.1.113883.19.1000.2.4"/>
					<title>Transportation</title>
					<entry>
						<observation classCode="OBS" moodCode="EVN">
							<templateId root="2.16.840.1.113883.19.1000.3.6"/>
							<code code="93030-5" codeSystem="2.16.840.1.113883.6.1" codeSystemName="LOINC" displayName="Has lack of transportation kept you from medical appointments, meetings, work, or from getting things needed for daily living">
								<originalText>In the past 12 months, has lack of reliable transportation kept you from medical appointments, meetings, work or from getting things needed for daily living?</originalText>
							</code>
							<value xsi:type="CO" code="LA32-8" displayName="No" codeSystem="2.16.840.1.113883.6.1"/>
						</observation>
					</entry>
				</section>
			</component>
			<!-- 
********************************************************
Employment section
********************************************************
-->
			<component>
				<section>
					<templateId root="2.16.840.1.113883.19.1000.2.5"/>
					<title>Employment</title>
					<entry>
						<observation classCode="OBS" moodCode="EVN">
							<templateId root="2.16.840.1.113883.19.1000.3.7"/>
							<code code="96780-2" codeSystem="2.16.840.1.113883.6.1" codeSystemName="LOINC" displayName="Wants help finding or keeping work or a job">
								<originalText>Do you want help finding or keeping work or a job?</originalText>
							</code>
							<value xsi:type="CO" code="LA32-8" displayName="No" codeSystem="2.16.840.1.113883.6.1"/>
						</observation>
					</entry>
				</section>
			</component>
			<!-- 
********************************************************
Education section
********************************************************
-->
			<component>
				<section>
					<templateId root="2.16.840.1.113883.19.1000.2.6"/>
					<title>Education</title>
					<entry>
						<observation classCode="OBS" moodCode="EVN">
							<templateId root="2.16.840.1.113883.19.1000.3.8"/>
							<code code="96782-8" codeSystem="2.16.840.1.113883.6.1" codeSystemName="LOINC" displayName="Wants help with school or training">
								<originalText>Do you want help with school or training?</originalText>
							</code>
							<value xsi:type="CO" code="LA32-8" displayName="No" codeSystem="2.16.840.1.113883.6.1"/>
						</observation>
					</entry>
				</section>
			</component>
			<!-- 
********************************************************
 Interpersonal Safety section
********************************************************
-->
			<component>
				<section>
					<templateId root="2.16.840.1.113883.19.1000.2.7"/>
					<title>Interpersonal Safety</title>
					<text>Because violence and abuse happens to a lot of people and affects their health we are asking the following questions. A score of 11 or more when the numerical values for answers to [the four questions] are added shows that the person might not be safe.</text>
					<entry>
						<observation classCode="OBS" moodCode="EVN">
							<templateId root="2.16.840.1.113883.19.1000.3.9"/>
							<code code="95618-5" codeSystem="2.16.840.1.113883.6.1" codeSystemName="LOINC" displayName="Physically hurt you [HITS]">
								<originalText>How often does anyone, including family and friends, physically hurt you?</originalText>
							</code>
							<value xsi:type="INT" value="2"/>
							<value xsi:type="CO" code="LA10066-1" displayName="Rarely" codeSystem="2.16.840.1.113883.6.1"/>
						</observation>
					</entry>
					<entry>
						<observation classCode="OBS" moodCode="EVN">
							<templateId root="2.16.840.1.113883.19.1000.3.10"/>
							<code code="95617-7" codeSystem="2.16.840.1.113883.6.1" codeSystemName="LOINC" displayName="Insult you or talk down to you [HITS]">
								<originalText>How often does anyone, including family and friends, insult or talk down to you?</originalText>
							</code>
							<value xsi:type="INT" value="2"/>
							<value xsi:type="CO" code="LA10066-1" displayName="Rarely" codeSystem="2.16.840.1.113883.6.1"/>
						</observation>
					</entry>
					<entry>
						<observation classCode="OBS" moodCode="EVN">
							<templateId root="2.16.840.1.113883.19.1000.3.11"/>
							<code code="95616-9" codeSystem="2.16.840.1.113883.6.1" codeSystemName="LOINC" displayName="Threaten you with physical harm [HITS]">
								<originalText>How often does anyone, including family and friends, threaten you with harm?</originalText>
							</code>
							<value xsi:type="INT" value="2"/>
							<value xsi:type="CO" code="LA10066-1" displayName="Rarely" codeSystem="2.16.840.1.113883.6.1"/>
						</observation>
					</entry>
					<entry>
						<observation classCode="OBS" moodCode="EVN">
							<templateId root="2.16.840.1.113883.19.1000.3.12"/>
							<code code="95615-1" codeSystem="2.16.840.1.113883.6.1" codeSystemName="LOINC" displayName="Scream or curse at you [HITS]">
								<originalText>How often does anyone, including family and friends, scream or curse at you?</originalText>
							</code>
							<value xsi:type="INT" value="3"/>
							<value xsi:type="CO" code="LA10082-8" displayName="Sometimes" codeSystem="2.16.840.1.113883.6.1"/>
						</observation>
					</entry>
					<entry>
						<observation classCode="OBS" moodCode="EVN">
							<templateId root="2.16.840.1.113883.19.1000.3.15"/>
							<code code="95614-4" codeSystem="2.16.840.1.113883.6.1" codeSystemName="LOINC" displayName="Total score [HITS]">
								<originalText>Safety total score</originalText>
							</code>
							<value xsi:type="INT" value="9"/>
						</observation>
					</entry>
				</section>
			</component>
		</structuredBody>
	</component>
</ClinicalDocument>
