PATIENT_MR_ID_VALUE,FACILITY_ID,FACILITY_NAME,ENCOUNTER_ID,SCREENING_IDENTIFIER,ENCOUNTER_CLASS_CODE,ENCOUNTER_CLASS_CODE_DESCRIPTION,ENCOUNTER_CLASS_CODE_SYSTEM,ENCOUNTER_STATUS_CODE,ENCOUNTER_STATUS_CODE_DESCRIPTION,ENCOUNTER_STATUS_CODE_SYSTEM,ENCOUNTER_TYPE_CODE,ENCOUNTER_TYPE_CODE_DESCRIPTION,ENCOUNTER_TYPE_CODE_SYSTEM,ENCOUNTER_START_DATETIME,ENCOUNTER_END_DATETIME,ENCOUNTER_LOCATION,PROCEDURE_STATUS_CODE,PROCEDURE_CODE,PROCEDURE_CODE_DESCRIPTION,PROCEDURE_CODE_SYSTEM,PROCEDURE_CODE_MODIFIER,CONSENT_STATUS,CONSENT_DATE_TIME,SCREENING_LAST_UPDATED,SCREENING_STATUS_CODE,SCREENING_STATUS_CODE_DESCRIPTION,SCREENING_STATUS_CODE_SYSTEM,SCREENING_LANGUAGE_CODE,SCREENING_LANGUAGE_DESCRIPTION,SCREENING_LANGUAGE_CODE_SYSTEM,SCREENING_ENTITY_ID,SCREENING_ENTITY_ID_CODE_SYSTEM
11223340,CUMC,Care Ridge SCN,Encounter1,AHCScreeningGroup96777-8,FLD,field,http://terminology.hl7.org/CodeSystem/v3-ActCode,finished,Finished,http://hl7.org/fhir/encounter-status,405672008,Direct questioning (procedure),http://snomed.info/sct,2024-02-23T00:00:00Z,2024-02-23T01:00:00Z,LocationExample-SCN,completed,G0136,Completed,urn:oid:2.16.840.1.113883.6.285,,active,2024-02-23T00:00:00Z,2024-02-28T00:00:00Z,unknown,Unknown,http://hl7.org/fhir/observation-status,en,English,urn:ietf:bcp:47,1234567890,http://hl7.org/fhir/sid/us-npi
11223340,CUMC,Care Ridge SCN,Encounter2,AHCScreeningGroup96777-9,FLD,field,http://terminology.hl7.org/CodeSystem/v3-ActCode,finished,Finished,http://hl7.org/fhir/encounter-status,405672008,Direct questioning (procedure),http://snomed.info/sct,2024-02-23T00:00:00Z,2024-02-23T01:00:00Z,LocationExample-SCN,completed,G0136,Completed,urn:oid:2.16.840.1.113883.6.285,,active,2024-02-23T00:00:00Z,2024-02-28T00:00:00Z,unknown,Unknown,http://hl7.org/fhir/observation-status,ar,Arabic,urn:ietf:bcp:47,235,http://www.irs.gov/
11223341,CUMC,Care Ridge SCN,Encounter3,AHCScreeningGroup96777-10,FLD,field,http://terminology.hl7.org/CodeSystem/v3-ActCode,finished,Finished,http://hl7.org/fhir/encounter-status,405672008,Direct questioning (procedure),http://snomed.info/sct,2024-02-23T00:00:00Z,2024-02-23T01:00:00Z,LocationExample-SCN,completed,G0136,Completed,urn:oid:2.16.840.1.113883.6.285,,active,2024-02-23T00:00:00Z,2024-02-02T00:00:00Z,unknown,Unknown,http://hl7.org/fhir/observation-status,en,English,urn:ietf:bcp:47,324,http://www.hl7.org/oid/
11223342,CUMC,Care Ridge SCN,Encounter4,AHCScreeningGroup96777-11,FLD,field,http://terminology.hl7.org/CodeSystem/v3-ActCode,finished,Finished,http://hl7.org/fhir/encounter-status,405672008,Direct questioning (procedure),http://snomed.info/sct,2024-02-23T00:00:00Z,2024-02-23T01:00:00Z,LocationExample-SCN,completed,G0136,Completed,urn:oid:2.16.840.1.113883.6.285,,active,2024-02-23T00:00:00Z,2024-02-03T00:00:00Z,unknown,Unknown,http://hl7.org/fhir/observation-status,en,English,urn:ietf:bcp:47,5467,http://www.medicaid.gov/
